{
  "tensors": {
    "transformer.h.0.attn.c_attn.bias": {
      "component_relative_errors": [
        1.0057328880671643e-15,
        5.038707484810648e-16,
        2.817737787960091e-16,
        7.906970278720012e-16
      ],
      "mean_component_relative_error": 6.455186108040599e-16
    },
    "transformer.h.0.attn.c_attn.weight": {
      "component_relative_errors": [
        5.800172289298067e-15,
        2.040129786793094e-14,
        1.1591045013612214e-14,
        1.9305594172487774e-15
      ],
      "mean_component_relative_error": 9.9307686470225e-15
    },
    "transformer.h.0.attn.c_proj.bias": {
      "component_relative_errors": [
        0.0,
        3.330669062962287e-16
      ],
      "mean_component_relative_error": 1.6653345314811435e-16
    },
    "transformer.h.0.attn.c_proj.weight": {
      "component_relative_errors": [
        7.195068218875469e-16,
        9.630825551942314e-16,
        6.9347294723289275e-16,
        9.7737468279528e-16
      ],
      "mean_component_relative_error": 8.383592517774878e-16
    },
    "transformer.h.0.ln_1.bias": {
      "component_relative_errors": [
        3.510833367915149e-16,
        5.6610487046918e-16
      ],
      "mean_component_relative_error": 4.585941036303474e-16
    },
    "transformer.h.0.ln_1.weight": {
      "component_relative_errors": [
        7.021667689656707e-16,
        6.661338861638257e-16
      ],
      "mean_component_relative_error": 6.841503275647481e-16
    },
    "transformer.h.0.ln_2.bias": {
      "component_relative_errors": [
        1.5700926237124325e-16,
        1.1226436747905598e-15
      ],
      "mean_component_relative_error": 6.398264685809015e-16
    },
    "transformer.h.0.ln_2.weight": {
      "component_relative_errors": [
        7.850462155410307e-16,
        4.4408920204311906e-16
      ],
      "mean_component_relative_error": 6.145677087920748e-16
    },
    "transformer.h.0.mlp.c_fc.bias": {
      "component_relative_errors": [
        7.855367402348103e-16,
        6.8274080854861e-16,
        6.025262129510381e-16,
        6.329245676708795e-16
      ],
      "mean_component_relative_error": 6.759320823513345e-16
    },
    "transformer.h.0.mlp.c_fc.weight": {
      "component_relative_errors": [
        0.24348680456582278,
        0.2915892494112409,
        0.5026659775906757,
        0.47943783630706166
      ],
      "mean_component_relative_error": 0.37929496696870024
    },
    "transformer.h.0.mlp.c_proj.bias": {
      "component_relative_errors": [
        6.6613379421288e-16,
        7.7715609324836e-16
      ],
      "mean_component_relative_error": 7.2164494373062e-16
    },
    "transformer.h.0.mlp.c_proj.weight": {
      "component_relative_errors": [
        0.49912583777113206,
        0.5778387462391857,
        0.562714295428174,
        0.4897091552873038
      ],
      "mean_component_relative_error": 0.5323470086814489
    },
    "transformer.h.1.attn.c_attn.bias": {
      "component_relative_errors": [
        6.945828138265212e-16,
        9.646370819697756e-16,
        3.931358759376343e-16,
        5.1691998442306e-16
      ],
      "mean_component_relative_error": 6.423189390392478e-16
    },
    "transformer.h.1.attn.c_attn.weight": {
      "component_relative_errors": [
        1.7605401132920473e-14,
        1.4310682399857634e-14,
        1.1178293136734716e-15,
        1.4047488935896674e-15
      ],
      "mean_component_relative_error": 8.609665435010312e-15
    },
    "transformer.h.1.attn.c_proj.bias": {
      "component_relative_errors": [
        4.440892105632726e-16,
        3.1401849224107065e-16
      ],
      "mean_component_relative_error": 3.790538514021717e-16
    },
    "transformer.h.1.attn.c_proj.weight": {
      "component_relative_errors": [
        7.791360878114172e-16,
        3.9350310674561263e-16,
        1.1591069784031252e-15,
        1.0561717887951527e-15
      ],
      "mean_component_relative_error": 8.46979490438827e-16
    },
    "transformer.h.1.ln_1.bias": {
      "component_relative_errors": [
        2.4825340558742376e-16,
        5.661048644958991e-16
      ],
      "mean_component_relative_error": 4.071791350416614e-16
    },
    "transformer.h.1.ln_1.weight": {
      "component_relative_errors": [
        3.510833361757879e-16,
        3.510833361757879e-16
      ],
      "mean_component_relative_error": 3.510833361757879e-16
    },
    "transformer.h.1.ln_2.bias": {
      "component_relative_errors": [
        2.4825342207400926e-16,
        4.440892219235451e-16
      ],
      "mean_component_relative_error": 3.4617132199877723e-16
    },
    "transformer.h.1.ln_2.weight": {
      "component_relative_errors": [
        1.5700923144060864e-16,
        2.2204458452108488e-16
      ],
      "mean_component_relative_error": 1.8952690798084677e-16
    },
    "transformer.h.1.mlp.c_fc.bias": {
      "component_relative_errors": [
        7.243088360524372e-16,
        6.973503503379027e-16,
        6.096755700173427e-16,
        7.947986783268668e-16
      ],
      "mean_component_relative_error": 7.065333586836373e-16
    },
    "transformer.h.1.mlp.c_fc.weight": {
      "component_relative_errors": [
        0.1341197664979974,
        0.6330262298398929,
        0.47973013349623544,
        0.4709193863353116
      ],
      "mean_component_relative_error": 0.42944887904235934
    },
    "transformer.h.1.mlp.c_proj.bias": {
      "component_relative_errors": [
        6.661338029130954e-16,
        2.220446009710318e-16
      ],
      "mean_component_relative_error": 4.440892019420636e-16
    },
    "transformer.h.1.mlp.c_proj.weight": {
      "component_relative_errors": [
        0.6260391995865666,
        0.4546328250213283,
        0.4771175254461823,
        0.3633767898531423
      ],
      "mean_component_relative_error": 0.4802915849768049
    },
    "transformer.ln_f.bias": {
      "component_relative_errors": [
        4.440892127801012e-16,
        5.661048904354484e-16
      ],
      "mean_component_relative_error": 5.050970516077748e-16
    },
    "transformer.ln_f.weight": {
      "component_relative_errors": [
        9.15513311050653e-16,
        1.2412670106580745e-16
      ],
      "mean_component_relative_error": 5.198200060582302e-16
    },
    "transformer.wpe.weight": {
      "component_relative_errors": [
        0.9946355564065475,
        0.9939093324495253,
        0.9971094302840774,
        0.9951065054632146
      ],
      "mean_component_relative_error": 0.9951902061508412
    },
    "transformer.wte.weight": {
      "component_relative_errors": [
        0.9999821061788137,
        0.9998896962583558,
        0.9999617736002601,
        0.9999700008449068
      ],
      "mean_component_relative_error": 0.9999508942205841
    }
  },
  "mean_relative_error": 0.1817392161924174
}