{
  "tensors": {
    "transformer.h.0.attn.c_attn.bias": {
      "component_relative_errors": [
        6.973502879512782e-16,
        4.473838198750281e-16,
        1.069062666013599e-15,
        1.0320541460318996e-15
      ],
      "mean_component_relative_error": 8.114627299679512e-16
    },
    "transformer.h.0.attn.c_attn.weight": {
      "component_relative_errors": [
        0.001902416410141324,
        0.2873704366267421,
        0.16707826006256843,
        0.04777202894664654
      ],
      "mean_component_relative_error": 0.1260307855115246
    },
    "transformer.h.0.attn.c_proj.bias": {
      "component_relative_errors": [
        1.110223020987429e-16,
        3.140184907078503e-16
      ],
      "mean_component_relative_error": 2.125203964032966e-16
    },
    "transformer.h.0.attn.c_proj.weight": {
      "component_relative_errors": [
        5.302695776132187e-16,
        4.236705078781239e-16,
        3.9350320764769483e-16,
        6.431871888617216e-16
      ],
      "mean_component_relative_error": 4.976576205001898e-16
    },
    "transformer.h.0.ln_1.bias": {
      "component_relative_errors": [
        2.4825340820688067e-16,
        4.002965927714893e-16
      ],
      "mean_component_relative_error": 3.24275000489185e-16
    },
    "transformer.h.0.ln_1.weight": {
      "component_relative_errors": [
        1.110223143606376e-16,
        3.5108338448283537e-16
      ],
      "mean_component_relative_error": 2.310528494217365e-16
    },
    "transformer.h.0.ln_2.bias": {
      "component_relative_errors": [
        1.665334711977059e-16,
        4.335559964831642e-16
      ],
      "mean_component_relative_error": 3.0004473384043504e-16
    },
    "transformer.h.0.ln_2.weight": {
      "component_relative_errors": [
        2.4825341096051316e-16,
        2.2204460102155953e-16
      ],
      "mean_component_relative_error": 2.3514900599103636e-16
    },
    "transformer.h.0.mlp.c_fc.bias": {
      "component_relative_errors": [
        4.933939108998588e-16,
        8.144261535088357e-16,
        1.2435149112696015e-15,
        1.1870175350212698e-15
      ],
      "mean_component_relative_error": 9.345881276748915e-16
    },
    "transformer.h.0.mlp.c_fc.weight": {
      "component_relative_errors": [
        0.49333397646169747,
        0.45095946526588565,
        0.5541689079141943,
        0.5516953868946649
      ],
      "mean_component_relative_error": 0.5125394341341105
    },
    "transformer.h.0.mlp.c_proj.bias": {
      "component_relative_errors": [
        4.4408919614192e-16,
        8.005931837846387e-16
      ],
      "mean_component_relative_error": 6.223411899632794e-16
    },
    "transformer.h.0.mlp.c_proj.weight": {
      "component_relative_errors": [
        0.5159474387820081,
        0.735030319933527,
        0.6763101604411779,
        0.7135082366066553
      ],
      "mean_component_relative_error": 0.6601990389408421
    },
    "transformer.h.1.attn.c_attn.bias": {
      "component_relative_errors": [
        4.1563909421413465e-16,
        6.106379360555288e-16,
        9.30872541080125e-16,
        1.2806725558084589e-15
      ],
      "mean_component_relative_error": 8.094555317895618e-16
    },
    "transformer.h.1.attn.c_attn.weight": {
      "component_relative_errors": [
        0.6309409877281432,
        0.325027572434765,
        0.09992248569326342,
        0.02166332671944583
      ],
      "mean_component_relative_error": 0.2693885931439044
    },
    "transformer.h.1.attn.c_proj.bias": {
      "component_relative_errors": [
        2.4825341572342383e-16,
        3.1401849224107065e-16
      ],
      "mean_component_relative_error": 2.8113595398224726e-16
    },
    "transformer.h.1.attn.c_proj.weight": {
      "component_relative_errors": [
        5.353301226834443e-16,
        3.611558450371987e-16,
        7.616365345242151e-16,
        7.178989876379357e-16
      ],
      "mean_component_relative_error": 5.940053724706985e-16
    },
    "transformer.h.1.ln_1.bias": {
      "component_relative_errors": [
        2.4825340558742376e-16,
        5.551114905393055e-16
      ],
      "mean_component_relative_error": 4.0168244806336463e-16
    },
    "transformer.h.1.ln_1.weight": {
      "component_relative_errors": [
        3.140184821825891e-16,
        3.3306689725382365e-16
      ],
      "mean_component_relative_error": 3.235426897182064e-16
    },
    "transformer.h.1.ln_2.bias": {
      "component_relative_errors": [
        1.5700925013699822e-16,
        4.965068441480185e-16
      ],
      "mean_component_relative_error": 3.2675804714250837e-16
    },
    "transformer.h.1.ln_2.weight": {
      "component_relative_errors": [
        4.99600315172441e-16,
        2.482533925124217e-16
      ],
      "mean_component_relative_error": 3.7392685384243134e-16
    },
    "transformer.h.1.mlp.c_fc.bias": {
      "component_relative_errors": [
        9.391889423091325e-16,
        1.0359192085819874e-15,
        4.837856178511553e-16,
        1.4715853676392018e-15
      ],
      "mean_component_relative_error": 9.826197840953692e-16
    },
    "transformer.h.1.mlp.c_fc.weight": {
      "component_relative_errors": [
        0.5553500675650695,
        0.7073732435559444,
        0.5458768280838467,
        0.5923304208707209
      ],
      "mean_component_relative_error": 0.6002326400188954
    },
    "transformer.h.1.mlp.c_proj.bias": {
      "component_relative_errors": [
        4.0029659712049814e-16,
        2.220446009710318e-16
      ],
      "mean_component_relative_error": 3.11170599045765e-16
    },
    "transformer.h.1.mlp.c_proj.weight": {
      "component_relative_errors": [
        0.7529131377786068,
        0.4651035318214154,
        0.4302078821009193,
        0.3861948443063157
      ],
      "mean_component_relative_error": 0.5086048490018142
    },
    "transformer.ln_f.bias": {
      "component_relative_errors": [
        2.4825341696266864e-16,
        2.220446063900506e-16
      ],
      "mean_component_relative_error": 2.351490116763596e-16
    },
    "transformer.ln_f.weight": {
      "component_relative_errors": [
        4.0029658297541757e-16,
        5.467214058358409e-16
      ],
      "mean_component_relative_error": 4.735089944056293e-16
    },
    "transformer.wpe.weight": {
      "component_relative_errors": [
        0.996333093048074,
        0.994780715070324,
        0.9975847405484817,
        0.995730621068043
      ],
      "mean_component_relative_error": 0.9961072924337306
    },
    "transformer.wte.weight": {
      "component_relative_errors": [
        0.9999880569653788,
        0.9999166993959236,
        0.9999594136249856,
        0.9999761746223853
      ],
      "mean_component_relative_error": 0.9999600861521682
    }
  },
  "mean_relative_error": 0.22252679615890467
}