{"train_steps_per_second":3.452,"_timestamp":1.772739282805486e+09,"train_runtime":57.9292,"total_flos":1.8028416e+08,"_wandb":{"runtime":252},"train/epoch":0.4,"train/learning_rate":1.4999999999999998e-06,"train/loss":10.4444091796875,"eval/mean_token_accuracy":0.00012943357694894075,"eval/samples_per_second":134.702,"train_samples_per_second":27.62,"train/entropy":10.824827194213867,"eval/loss":10.574499130249023,"train/global_step":200,"eval/num_tokens":80517,"_runtime":252,"train_loss":10.536346969604493,"eval/runtime":7.4238,"train/mean_token_accuracy":0,"eval/entropy":10.824824005126953,"_step":184,"train/num_tokens":80517,"eval/steps_per_second":16.838,"train/grad_norm":0.06245053559541702}