{
  "tensors": {
    "transformer.h.0.attn.c_attn.bias": {
      "component_relative_errors": [
        1.198402229520429e-15,
        9.17148970636173e-16
      ],
      "mean_component_relative_error": 1.0577756000783012e-15
    },
    "transformer.h.0.attn.c_attn.weight": {
      "component_relative_errors": [
        3.1032541121603695e-15,
        1.979898388234702e-15
      ],
      "mean_component_relative_error": 2.541576250197536e-15
    },
    "transformer.h.0.attn.c_proj.bias": {
      "component_relative_errors": [
        0.0,
        1.5700925121701346e-16
      ],
      "mean_component_relative_error": 7.850462560850673e-17
    },
    "transformer.h.0.attn.c_proj.weight": {
      "component_relative_errors": [
        4.972820278125013e-16,
        6.181460101624477e-16
      ],
      "mean_component_relative_error": 5.577140189874746e-16
    },
    "transformer.h.0.ln_1.bias": {
      "component_relative_errors": [
        1.570092494152124e-16,
        5.551115248525333e-17
      ],
      "mean_component_relative_error": 1.0626020095023287e-16
    },
    "transformer.h.0.ln_1.weight": {
      "component_relative_errors": [
        2.657399474712163e-15,
        1.2003913557613195e-15
      ],
      "mean_component_relative_error": 1.9288954152367414e-15
    },
    "transformer.h.0.ln_2.bias": {
      "component_relative_errors": [
        4.965068354096226e-16,
        1.0990647316157233e-15
      ],
      "mean_component_relative_error": 7.977857835126729e-16
    },
    "transformer.h.0.ln_2.weight": {
      "component_relative_errors": [
        2.657399474712163e-15,
        1.2003913557613195e-15
      ],
      "mean_component_relative_error": 1.9288954152367414e-15
    },
    "transformer.h.0.mlp.c_fc.bias": {
      "component_relative_errors": [
        3.544628673253163e-15,
        1.1274366643883151e-15
      ],
      "mean_component_relative_error": 2.336032668820739e-15
    },
    "transformer.h.0.mlp.c_fc.weight": {
      "component_relative_errors": [
        1.4817586633805343e-15,
        1.6618832355087379e-15
      ],
      "mean_component_relative_error": 1.5718209494446362e-15
    },
    "transformer.h.0.mlp.c_proj.bias": {
      "component_relative_errors": [
        6.473656655141421e-16,
        8.881783656441118e-16
      ],
      "mean_component_relative_error": 7.677720155791269e-16
    },
    "transformer.h.0.mlp.c_proj.weight": {
      "component_relative_errors": [
        1.7017876164692485e-15,
        1.1276409837743886e-15
      ],
      "mean_component_relative_error": 1.4147143001218185e-15
    },
    "transformer.h.1.attn.c_attn.bias": {
      "component_relative_errors": [
        7.290418006529896e-16,
        1.1280879029763603e-15
      ],
      "mean_component_relative_error": 9.285648518146749e-16
    },
    "transformer.h.1.attn.c_attn.weight": {
      "component_relative_errors": [
        3.153076313442673e-15,
        1.0669889837469585e-15
      ],
      "mean_component_relative_error": 2.110032648594816e-15
    },
    "transformer.h.1.attn.c_proj.bias": {
      "component_relative_errors": [
        6.473656655141421e-16,
        8.881783656441118e-16
      ],
      "mean_component_relative_error": 7.677720155791269e-16
    },
    "transformer.h.1.attn.c_proj.weight": {
      "component_relative_errors": [
        7.945033739485187e-16,
        2.482534194571796e-16
      ],
      "mean_component_relative_error": 5.213783967028491e-16
    },
    "transformer.h.1.ln_1.bias": {
      "component_relative_errors": [
        3.5108334552595434e-16,
        1.1322097691060807e-15
      ],
      "mean_component_relative_error": 7.416465573160175e-16
    },
    "transformer.h.1.ln_1.weight": {
      "component_relative_errors": [
        2.657399474712163e-15,
        1.2003913557613195e-15
      ],
      "mean_component_relative_error": 1.9288954152367414e-15
    },
    "transformer.h.1.ln_2.bias": {
      "component_relative_errors": [
        1.5700924510372974e-16,
        4.710277353111892e-16
      ],
      "mean_component_relative_error": 3.1401849020745947e-16
    },
    "transformer.h.1.ln_2.weight": {
      "component_relative_errors": [
        2.657399474712163e-15,
        1.2003913557613195e-15
      ],
      "mean_component_relative_error": 1.9288954152367414e-15
    },
    "transformer.h.1.mlp.c_fc.bias": {
      "component_relative_errors": [
        5.478760790695959e-16,
        1.2364782561677909e-15
      ],
      "mean_component_relative_error": 8.921771676186933e-16
    },
    "transformer.h.1.mlp.c_fc.weight": {
      "component_relative_errors": [
        1.4812289880711966e-15,
        1.1320107353750285e-15
      ],
      "mean_component_relative_error": 1.3066198617231126e-15
    },
    "transformer.h.1.mlp.c_proj.bias": {
      "component_relative_errors": [
        6.280369574615843e-16,
        0.0
      ],
      "mean_component_relative_error": 3.1401847873079217e-16
    },
    "transformer.h.1.mlp.c_proj.weight": {
      "component_relative_errors": [
        1.8339625422962426e-15,
        1.1903313685114407e-15
      ],
      "mean_component_relative_error": 1.5121469554038416e-15
    },
    "transformer.ln_f.bias": {
      "component_relative_errors": [
        1.6165091518398653e-15,
        1.8377461375476017e-15
      ],
      "mean_component_relative_error": 1.7271276446937336e-15
    },
    "transformer.ln_f.weight": {
      "component_relative_errors": [
        2.657399474712163e-15,
        1.2003913557613195e-15
      ],
      "mean_component_relative_error": 1.9288954152367414e-15
    },
    "transformer.wpe.weight": {
      "component_relative_errors": [
        0.9672535302217646,
        0.9615839201696248
      ],
      "mean_component_relative_error": 0.9644187251956947
    },
    "transformer.wte.weight": {
      "component_relative_errors": [
        0.9999993698257956,
        0.9995494053620607
      ],
      "mean_component_relative_error": 0.9997743875939282
    }
  },
  "mean_relative_error": 0.07014975402820196
}