{"total_flos":1.0995072e+07,"eval/runtime":6.8609,"train_runtime":4.9218,"eval/loss":10.529022216796875,"train/mean_token_accuracy":0.03628509975969792,"train/num_tokens":47350,"eval/mean_token_accuracy":5.2910476922988894e-05,"eval/steps_per_second":18.219,"train/loss":10.48230438232422,"train/learning_rate":0.0001215,"train_loss":8.543159484863281,"eval/samples_per_second":145.753,"train/epoch":0.24,"_step":39,"eval/num_tokens":31899,"_wandb":{"runtime":58},"train/grad_norm":0.3466407358646393,"_timestamp":1.772738991049406e+09,"train_samples_per_second":195.049,"eval/entropy":10.824412742614745,"train/entropy":10.82433443069458,"train_steps_per_second":24.381,"_runtime":58,"train/global_step":120}