{
  "results": [
    {
      "variant": "random",
      "train_loss": 10.49734043121338,
      "eval_loss": 10.500370979309082
    },
    {
      "variant": "platonic_mean",
      "train_loss": 10.483379478454589,
      "eval_loss": 10.509027481079102
    },
    {
      "variant": "platonic_sampled",
      "train_loss": 10.484598770141602,
      "eval_loss": 10.497251510620117
    }
  ]
}