{
  "num_tensors": 28,
  "total_params_analyzed": 102714,
  "tensors": {
    "transformer.h.0.attn.c_attn.bias": {
      "shape": [
        6
      ],
      "numel": 6,
      "explained_variance_ratio": [
        0.6043822765350342,
        0.28263092041015625,
        0.07885976880788803,
        0.03412711247801781
      ]
    },
    "transformer.h.0.attn.c_attn.weight": {
      "shape": [
        2,
        6
      ],
      "numel": 12,
      "explained_variance_ratio": [
        0.32562482357025146,
        0.26658475399017334,
        0.15214687585830688,
        0.10532022267580032
      ]
    },
    "transformer.h.0.attn.c_proj.bias": {
      "shape": [
        2
      ],
      "numel": 2,
      "explained_variance_ratio": [
        0.9998171925544739,
        0.00018285206169821322
      ]
    },
    "transformer.h.0.attn.c_proj.weight": {
      "shape": [
        2,
        2
      ],
      "numel": 4,
      "explained_variance_ratio": [
        0.430004358291626,
        0.3326084315776825,
        0.19646410644054413,
        0.040923092514276505
      ]
    },
    "transformer.h.0.ln_1.bias": {
      "shape": [
        2
      ],
      "numel": 2,
      "explained_variance_ratio": [
        0.672119677066803,
        0.327880322933197
      ]
    },
    "transformer.h.0.ln_1.weight": {
      "shape": [
        2
      ],
      "numel": 2,
      "explained_variance_ratio": [
        0.7953781485557556,
        0.20462185144424438
      ]
    },
    "transformer.h.0.ln_2.bias": {
      "shape": [
        2
      ],
      "numel": 2,
      "explained_variance_ratio": [
        0.6326863169670105,
        0.3673137426376343
      ]
    },
    "transformer.h.0.ln_2.weight": {
      "shape": [
        2
      ],
      "numel": 2,
      "explained_variance_ratio": [
        0.6268883943557739,
        0.3731115460395813
      ]
    },
    "transformer.h.0.mlp.c_fc.bias": {
      "shape": [
        8
      ],
      "numel": 8,
      "explained_variance_ratio": [
        0.3469045162200928,
        0.25064241886138916,
        0.21210968494415283,
        0.11247872561216354
      ]
    },
    "transformer.h.0.mlp.c_fc.weight": {
      "shape": [
        2,
        8
      ],
      "numel": 16,
      "explained_variance_ratio": [
        0.32104772329330444,
        0.18555091321468353,
        0.17338888347148895,
        0.13010771572589874
      ]
    },
    "transformer.h.0.mlp.c_proj.bias": {
      "shape": [
        2
      ],
      "numel": 2,
      "explained_variance_ratio": [
        0.999096155166626,
        0.0009038311545737088
      ]
    },
    "transformer.h.0.mlp.c_proj.weight": {
      "shape": [
        8,
        2
      ],
      "numel": 16,
      "explained_variance_ratio": [
        0.28143009543418884,
        0.23430927097797394,
        0.16968950629234314,
        0.12077507376670837
      ]
    },
    "transformer.h.1.attn.c_attn.bias": {
      "shape": [
        6
      ],
      "numel": 6,
      "explained_variance_ratio": [
        0.5254608392715454,
        0.3269778788089752,
        0.13306131958961487,
        0.01450001448392868
      ]
    },
    "transformer.h.1.attn.c_attn.weight": {
      "shape": [
        2,
        6
      ],
      "numel": 12,
      "explained_variance_ratio": [
        0.3509603440761566,
        0.21405930817127228,
        0.15289807319641113,
        0.10552435368299484
      ]
    },
    "transformer.h.1.attn.c_proj.bias": {
      "shape": [
        2
      ],
      "numel": 2,
      "explained_variance_ratio": [
        0.999556839466095,
        0.0004431441775523126
      ]
    },
    "transformer.h.1.attn.c_proj.weight": {
      "shape": [
        2,
        2
      ],
      "numel": 4,
      "explained_variance_ratio": [
        0.6362284421920776,
        0.23790238797664642,
        0.08912435919046402,
        0.03674480319023132
      ]
    },
    "transformer.h.1.ln_1.bias": {
      "shape": [
        2
      ],
      "numel": 2,
      "explained_variance_ratio": [
        0.6486551761627197,
        0.3513448238372803
      ]
    },
    "transformer.h.1.ln_1.weight": {
      "shape": [
        2
      ],
      "numel": 2,
      "explained_variance_ratio": [
        0.7544649243354797,
        0.24553507566452026
      ]
    },
    "transformer.h.1.ln_2.bias": {
      "shape": [
        2
      ],
      "numel": 2,
      "explained_variance_ratio": [
        0.5706055760383606,
        0.4293944239616394
      ]
    },
    "transformer.h.1.ln_2.weight": {
      "shape": [
        2
      ],
      "numel": 2,
      "explained_variance_ratio": [
        0.7004674077033997,
        0.29953256249427795
      ]
    },
    "transformer.h.1.mlp.c_fc.bias": {
      "shape": [
        8
      ],
      "numel": 8,
      "explained_variance_ratio": [
        0.3615397810935974,
        0.2859221398830414,
        0.19570016860961914,
        0.08309385925531387
      ]
    },
    "transformer.h.1.mlp.c_fc.weight": {
      "shape": [
        2,
        8
      ],
      "numel": 16,
      "explained_variance_ratio": [
        0.26777565479278564,
        0.23503530025482178,
        0.15239328145980835,
        0.13337858021259308
      ]
    },
    "transformer.h.1.mlp.c_proj.bias": {
      "shape": [
        2
      ],
      "numel": 2,
      "explained_variance_ratio": [
        0.9981808662414551,
        0.001819129684008658
      ]
    },
    "transformer.h.1.mlp.c_proj.weight": {
      "shape": [
        8,
        2
      ],
      "numel": 16,
      "explained_variance_ratio": [
        0.29233065247535706,
        0.22552736103534698,
        0.1464245319366455,
        0.12632444500923157
      ]
    },
    "transformer.ln_f.bias": {
      "shape": [
        2
      ],
      "numel": 2,
      "explained_variance_ratio": [
        0.9422776103019714,
        0.05772237479686737
      ]
    },
    "transformer.ln_f.weight": {
      "shape": [
        2
      ],
      "numel": 2,
      "explained_variance_ratio": [
        0.6944055557250977,
        0.30559444427490234
      ]
    },
    "transformer.wpe.weight": {
      "shape": [
        1024,
        2
      ],
      "numel": 2048,
      "explained_variance_ratio": [
        0.157576784491539,
        0.15191660821437836,
        0.1477821320295334,
        0.14088042080402374
      ]
    },
    "transformer.wte.weight": {
      "shape": [
        50257,
        2
      ],
      "numel": 100514,
      "explained_variance_ratio": [
        0.5499541759490967,
        0.07652068138122559,
        0.07615881413221359,
        0.07573346793651581
      ]
    }
  }
}