{
  "tensors": {
    "transformer.h.0.attn.c_attn.bias": {
      "component_relative_errors": [
        2.8877801703200225e-16,
        4.025155488220391e-16,
        6.367640231071058e-16,
        1.3434108354721052e-15
      ],
      "mean_component_relative_error": 6.678671061083131e-16
    },
    "transformer.h.0.attn.c_attn.weight": {
      "component_relative_errors": [
        3.377979240513511e-15,
        6.088827336997074e-15,
        1.6082077379076182e-15,
        6.98304210980986e-15
      ],
      "mean_component_relative_error": 4.514514106307016e-15
    },
    "transformer.h.0.attn.c_proj.bias": {
      "component_relative_errors": [
        3.140185000369473e-16,
        1.5100666126701596e-15
      ],
      "mean_component_relative_error": 9.120425563535534e-16
    },
    "transformer.h.0.attn.c_proj.weight": {
      "component_relative_errors": [
        5.297244694409162e-16,
        3.933857785315018e-15,
        1.780688522838255e-15,
        5.2863987265271246e-15
      ],
      "mean_component_relative_error": 2.8826673760303285e-15
    },
    "transformer.h.0.ln_1.bias": {
      "component_relative_errors": [
        4.965068747933005e-16,
        1.047382399790399e-15
      ],
      "mean_component_relative_error": 7.719446372918497e-16
    },
    "transformer.h.0.ln_1.weight": {
      "component_relative_errors": [
        9.550498929077877e-16,
        2.0358292360003974e-15
      ],
      "mean_component_relative_error": 1.4954395644540927e-15
    },
    "transformer.h.0.ln_2.bias": {
      "component_relative_errors": [
        1.2262813350357826e-15,
        1.1102229552548019e-16
      ],
      "mean_component_relative_error": 6.686518152806313e-16
    },
    "transformer.h.0.ln_2.weight": {
      "component_relative_errors": [
        3.140184875694781e-16,
        1.4475537032793385e-15
      ],
      "mean_component_relative_error": 8.807860954244083e-16
    },
    "transformer.h.0.mlp.c_fc.bias": {
      "component_relative_errors": [
        8.724262329260779e-16,
        6.582813594418075e-16,
        7.532457096186386e-16,
        5.592592698564905e-16
      ],
      "mean_component_relative_error": 7.108031429607537e-16
    },
    "transformer.h.0.mlp.c_fc.weight": {
      "component_relative_errors": [
        6.93759156837679e-16,
        8.132428482880731e-16,
        1.5070660780495366e-15,
        1.1581095405839281e-15
      ],
      "mean_component_relative_error": 1.0430444059398044e-15
    },
    "transformer.h.0.mlp.c_proj.bias": {
      "component_relative_errors": [
        1.5700923865754757e-16,
        1.1591068138003238e-15
      ],
      "mean_component_relative_error": 6.580580262289357e-16
    },
    "transformer.h.0.mlp.c_proj.weight": {
      "component_relative_errors": [
        1.040371420890734e-15,
        7.704068920851122e-16,
        1.1806726768814126e-15,
        9.227425843192426e-16
      ],
      "mean_component_relative_error": 9.785483935441252e-16
    },
    "transformer.h.1.attn.c_attn.bias": {
      "component_relative_errors": [
        1.025719025041624e-15,
        7.50403849331539e-16,
        1.4277943712217464e-15,
        3.417405204573735e-16
      ],
      "mean_component_relative_error": 8.864144415130707e-16
    },
    "transformer.h.1.attn.c_attn.weight": {
      "component_relative_errors": [
        2.6338925674769134e-15,
        3.439172064872368e-15,
        3.023893072883183e-15,
        8.157036234862519e-15
      ],
      "mean_component_relative_error": 4.313498485023746e-15
    },
    "transformer.h.1.attn.c_proj.bias": {
      "component_relative_errors": [
        3.1401847995022026e-16,
        1.4475536681562953e-15
      ],
      "mean_component_relative_error": 8.807860740532578e-16
    },
    "transformer.h.1.attn.c_proj.weight": {
      "component_relative_errors": [
        5.240515131913034e-15,
        2.1159873455418827e-15,
        7.21645032916953e-16,
        3.809295217455833e-15
      ],
      "mean_component_relative_error": 2.9718606819569257e-15
    },
    "transformer.h.1.ln_1.bias": {
      "component_relative_errors": [
        2.220446105348084e-16,
        2.7605289328322443e-15
      ],
      "mean_component_relative_error": 1.4912867716835264e-15
    },
    "transformer.h.1.ln_1.weight": {
      "component_relative_errors": [
        4.475452048244267e-16,
        6.47365698684255e-16
      ],
      "mean_component_relative_error": 5.474554517543409e-16
    },
    "transformer.h.1.ln_2.bias": {
      "component_relative_errors": [
        3.5108331789585087e-16,
        1.1102229330398426e-15
      ],
      "mean_component_relative_error": 7.306531254678468e-16
    },
    "transformer.h.1.ln_2.weight": {
      "component_relative_errors": [
        7.7715610931509775e-16,
        3.1401848853557686e-16
      ],
      "mean_component_relative_error": 5.455872989253373e-16
    },
    "transformer.h.1.mlp.c_fc.bias": {
      "component_relative_errors": [
        6.310961683309218e-16,
        7.46084348150797e-16,
        8.151353173693689e-16,
        8.238312178941403e-16
      ],
      "mean_component_relative_error": 7.54036762936307e-16
    },
    "transformer.h.1.mlp.c_fc.weight": {
      "component_relative_errors": [
        1.0220686921133685e-15,
        1.141358361650809e-15,
        1.0542556155137947e-15,
        5.031058603341244e-16
      ],
      "mean_component_relative_error": 9.301971324030243e-16
    },
    "transformer.h.1.mlp.c_proj.bias": {
      "component_relative_errors": [
        1.570092514177494e-16,
        1.3732700880938518e-15
      ],
      "mean_component_relative_error": 7.651396697558006e-16
    },
    "transformer.h.1.mlp.c_proj.weight": {
      "component_relative_errors": [
        9.664758411734922e-16,
        9.9000287994662e-16,
        9.495135353097595e-16,
        1.0150729383230385e-15
      ],
      "mean_component_relative_error": 9.802662986882276e-16
    },
    "transformer.ln_f.bias": {
      "component_relative_errors": [
        4.965068261099169e-16,
        6.66133808684665e-16
      ],
      "mean_component_relative_error": 5.81320317397291e-16
    },
    "transformer.ln_f.weight": {
      "component_relative_errors": [
        2.2204460880674445e-16,
        1.0053497252960653e-15
      ],
      "mean_component_relative_error": 6.136971670514049e-16
    },
    "transformer.wpe.weight": {
      "component_relative_errors": [
        0.9817316922256439,
        0.9849148669635315,
        0.9883868229660103,
        0.9848134684764015
      ],
      "mean_component_relative_error": 0.9849617126578968
    },
    "transformer.wte.weight": {
      "component_relative_errors": [
        2.9969916192580336e-15,
        2.3338211711181696e-15,
        3.3763833431993197e-15,
        4.8391515806607186e-15
      ],
      "mean_component_relative_error": 3.3865869285590606e-15
    }
  },
  "mean_relative_error": 0.046902938697996555
}