{
  "tensors": {
    "transformer.h.0.attn.c_attn.bias": {
      "component_relative_errors": [
        1.7857690083942082e-14,
        3.8587239522179824e-15,
        1.4348961546208737e-14,
        4.0904453319511254e-14
      ],
      "mean_component_relative_error": 1.9242457225470013e-14
    },
    "transformer.h.0.attn.c_attn.weight": {
      "component_relative_errors": [
        0.00039416919480246847,
        0.0015112828318289632,
        0.001702011518793518,
        0.0004932195641573884
      ],
      "mean_component_relative_error": 0.0010251707773955845
    },
    "transformer.h.0.attn.c_proj.bias": {
      "component_relative_errors": [
        3.5108334570731967e-16,
        0.0
      ],
      "mean_component_relative_error": 1.7554167285365984e-16
    },
    "transformer.h.0.attn.c_proj.weight": {
      "component_relative_errors": [
        4.191000406507046e-16,
        1.1644118238792896e-15,
        1.4271873037383526e-15,
        3.284084026562495e-16
      ],
      "mean_component_relative_error": 8.347768927311492e-16
    },
    "transformer.h.0.ln_1.bias": {
      "component_relative_errors": [
        4.577566667275631e-16,
        1.1102229927931787e-16
      ],
      "mean_component_relative_error": 2.8438948300344045e-16
    },
    "transformer.h.0.ln_1.weight": {
      "component_relative_errors": [
        2.220446287212752e-16,
        4.577567289094373e-16
      ],
      "mean_component_relative_error": 3.3990067881535628e-16
    },
    "transformer.h.0.ln_2.bias": {
      "component_relative_errors": [
        2.0595780136272016e-16,
        2.9504584692207665e-16
      ],
      "mean_component_relative_error": 2.505018241423984e-16
    },
    "transformer.h.0.ln_2.weight": {
      "component_relative_errors": [
        1.5700924310820614e-16,
        1.1102230051077976e-16
      ],
      "mean_component_relative_error": 1.3401577180949294e-16
    },
    "transformer.h.0.mlp.c_fc.bias": {
      "component_relative_errors": [
        2.594055230016279e-12,
        6.7536089920890096e-12,
        3.765420873907408e-12,
        1.3345499660049355e-11
      ],
      "mean_component_relative_error": 6.614646189015513e-12
    },
    "transformer.h.0.mlp.c_fc.weight": {
      "component_relative_errors": [
        0.5096087000249813,
        0.2959257745640476,
        0.528065629141633,
        0.4798944222447013
      ],
      "mean_component_relative_error": 0.4533736314938408
    },
    "transformer.h.0.mlp.c_proj.bias": {
      "component_relative_errors": [
        2.2204459807096e-16,
        2.2204459807096e-16
      ],
      "mean_component_relative_error": 2.2204459807096e-16
    },
    "transformer.h.0.mlp.c_proj.weight": {
      "component_relative_errors": [
        0.5340921297707365,
        0.7264289470809143,
        0.6081853969049927,
        0.6005613627002714
      ],
      "mean_component_relative_error": 0.6173169591142288
    },
    "transformer.h.1.attn.c_attn.bias": {
      "component_relative_errors": [
        4.076196401779218e-15,
        1.1146548368345719e-14,
        1.214971351698409e-14,
        3.764032951071737e-14
      ],
      "mean_component_relative_error": 1.6253196949456598e-14
    },
    "transformer.h.1.attn.c_attn.weight": {
      "component_relative_errors": [
        0.0023800331605374515,
        0.0009573144109580714,
        0.00026180290300069196,
        0.0003931359981784879
      ],
      "mean_component_relative_error": 0.0009980716181686757
    },
    "transformer.h.1.attn.c_proj.bias": {
      "component_relative_errors": [
        4.577566805873837e-16,
        2.220446052816363e-16
      ],
      "mean_component_relative_error": 3.3990064293451005e-16
    },
    "transformer.h.1.attn.c_proj.weight": {
      "component_relative_errors": [
        2.0807426508532997e-15,
        5.66104754153327e-16,
        6.776000199030177e-16,
        1.5664083889916857e-15
      ],
      "mean_component_relative_error": 1.2227139534753326e-15
    },
    "transformer.h.1.ln_1.bias": {
      "component_relative_errors": [
        1.5700923970996602e-16,
        4.577566618975231e-16
      ],
      "mean_component_relative_error": 3.073829508037446e-16
    },
    "transformer.h.1.ln_1.weight": {
      "component_relative_errors": [
        2.2204459816921577e-16,
        2.2204459816921577e-16
      ],
      "mean_component_relative_error": 2.2204459816921577e-16
    },
    "transformer.h.1.ln_2.bias": {
      "component_relative_errors": [
        1.1102230548088629e-16,
        3.1401850027399644e-16
      ],
      "mean_component_relative_error": 2.1252040287744137e-16
    },
    "transformer.h.1.ln_2.weight": {
      "component_relative_errors": [
        3.3766111969512276e-16,
        1.5700923144060864e-16
      ],
      "mean_component_relative_error": 2.473351755678657e-16
    },
    "transformer.h.1.mlp.c_fc.bias": {
      "component_relative_errors": [
        4.839374948640167e-12,
        3.4181765550338346e-12,
        1.688660128656139e-13,
        1.6777957723206303e-11
      ],
      "mean_component_relative_error": 6.3010938099364796e-12
    },
    "transformer.h.1.mlp.c_fc.weight": {
      "component_relative_errors": [
        0.5373743731783257,
        0.716523655460978,
        0.48768821822489294,
        0.5264286914787756
      ],
      "mean_component_relative_error": 0.567003734585743
    },
    "transformer.h.1.mlp.c_proj.bias": {
      "component_relative_errors": [
        3.5108334060584795e-16,
        0.0
      ],
      "mean_component_relative_error": 1.7554167030292398e-16
    },
    "transformer.h.1.mlp.c_proj.weight": {
      "component_relative_errors": [
        0.7385722102825513,
        0.46085712542460255,
        0.47767125931110704,
        0.5900666495246928
      ],
      "mean_component_relative_error": 0.5667918111357384
    },
    "transformer.ln_f.bias": {
      "component_relative_errors": [
        4.577566828724384e-16,
        3.140184938086051e-16
      ],
      "mean_component_relative_error": 3.858875883405217e-16
    },
    "transformer.ln_f.weight": {
      "component_relative_errors": [
        2.2377259267347965e-16,
        5.551114828118821e-17
      ],
      "mean_component_relative_error": 1.3964187047733394e-16
    },
    "transformer.wpe.weight": {
      "component_relative_errors": [
        0.9962123251498921,
        0.9941111756582616,
        0.9973169549802005,
        0.9957416901447428
      ],
      "mean_component_relative_error": 0.9958455364832742
    },
    "transformer.wte.weight": {
      "component_relative_errors": [
        0.999989774477839,
        0.9999082085720892,
        0.9999674331456685,
        0.9999816394587602
      ],
      "mean_component_relative_error": 0.9999617639135893
    }
  },
  "mean_relative_error": 0.20011031805404447
}